Date,Bullish,Neutral,Bearish
7-24-87,0.36,0.50,0.14
7-31-87,0.26,0.48,0.26
8-7-87,0.56,0.15,0.29
8-14-87,0.45,0.35,0.20
8-21-87,0.66,0.28,0.06
8-28-87,0.52,0.18,0.30
9-4-87,0.42,0.17,0.41
9-11-87,0.50,0.23,0.27
9-18-87,0.60,0.29,0.11
9-25-87,0.53,0.17,0.30
10-2-87,0.44,0.26,0.30
10-9-87,0.46,0.39,0.15
10-16-87,0.37,0.30,0.33
10-23-87,0.39,0.30,0.31
10-30-87,0.44,0.23,0.33
11-6-87,0.47,0.31,0.22
11-13-87,0.31,0.41,0.28
11-20-87,0.39,0.42,0.19
11-27-87,0.27,0.46,0.27
12-4-87,0.25,0.33,0.42
12-11-87,0.23,0.45,0.32
12-18-87,0.33,0.40,0.27
12-24-87,0.28,0.52,0.20
12-31-87,0.25,0.49,0.26
1-8-88,0.34,0.46,0.20
1-15-88,0.34,0.40,0.26
1-22-88,0.21,0.48,0.31
1-29-88,0.26,0.45,0.29
2-5-88,0.32,0.53,0.15
2-12-88,0.32,0.46,0.22
2-19-88,0.27,0.49,0.24
2-26-88,0.30,0.51,0.19
3-4-88,0.38,0.40,0.22
3-11-88,0.43,0.40,0.17
3-18-88,0.41,0.49,0.10
3-25-88,0.45,0.38,0.17
4-1-88,0.35,0.45,0.20
4-8-88,0.33,0.48,0.19
4-15-88,0.23,0.53,0.24
4-22-88,0.23,0.57,0.20
4-29-88,0.22,0.48,0.30
5-6-88,0.38,0.42,0.20
5-13-88,0.19,0.56,0.25
5-20-88,0.23,0.52,0.25
5-27-88,0.28,0.52,0.20
6-3-88,0.26,0.62,0.12
6-10-88,0.28,0.49,0.23
6-17-88,0.29,0.50,0.21
6-24-88,0.33,0.44,0.23
7-1-88,0.45,0.38,0.17
7-8-88,0.35,0.50,0.15
7-15-88,0.26,0.37,0.37
7-22-88,0.16,0.58,0.26
7-29-88,0.23,0.54,0.23
8-5-88,0.21,0.49,0.30
8-12-88,0.26,0.48,0.26
8-19-88,0.19,0.53,0.28
8-26-88,0.28,0.40,0.32
9-2-88,0.18,0.43,0.39
9-9-88,0.17,0.52,0.31
9-16-88,0.24,0.46,0.30
9-23-88,0.20,0.53,0.27
9-30-88,0.26,0.44,0.30
10-7-88,0.13,0.49,0.38
10-14-88,0.22,0.46,0.32
10-21-88,0.26,0.51,0.23
10-28-88,0.40,0.38,0.22
11-4-88,0.35,0.46,0.19
11-11-88,0.23,0.56,0.21
11-18-88,0.30,0.34,0.36
11-25-88,0.17,0.44,0.39
12-2-88,0.19,0.47,0.34
12-9-88,0.17,0.44,0.39
12-16-88,0.24,0.54,0.22
12-23-88,0.22,0.46,0.32
12-30-88,0.24,0.54,0.22
1-6-89,0.26,0.51,0.23
1-13-89,0.36,0.44,0.20
1-20-89,0.36,0.47,0.17
1-27-89,0.32,0.49,0.19
2-3-89,0.33,0.44,0.23
2-10-89,0.43,0.31,0.26
2-17-89,0.42,0.41,0.17
2-24-89,0.29,0.45,0.26
3-3-89,0.29,0.35,0.36
3-10-89,0.13,0.52,0.35
3-17-89,0.28,0.43,0.29
3-23-89,0.29,0.41,0.30
3-31-89,0.18,0.42,0.40
4-7-89,0.23,0.45,0.32
4-14-89,0.25,0.42,0.33
4-21-89,0.21,0.51,0.28
4-28-89,0.31,0.40,0.29
5-5-89,0.30,0.40,0.30
5-12-89,0.38,0.43,0.19
5-19-89,0.43,0.38,0.19
5-26-89,0.48,0.31,0.21
6-2-89,0.42,0.27,0.31
6-9-89,0.43,0.34,0.23
6-16-89,0.32,0.37,0.31
6-23-89,0.33,0.22,0.45
6-30-89,0.40,0.34,0.26
7-7-89,0.37,0.32,0.31
7-14-89,0.22,0.30,0.48
7-21-89,0.32,0.39,0.29
7-28-89,0.41,0.25,0.34
8-4-89,0.35,0.30,0.35
8-11-89,0.53,0.21,0.26
8-18-89,0.35,0.28,0.37
8-25-89,0.45,0.24,0.31
9-1-89,0.34,0.30,0.36
9-8-89,0.30,0.30,0.40
9-15-89,0.31,0.44,0.25
9-22-89,0.24,0.37,0.39
9-29-89,0.33,0.38,0.29
10-6-89,0.24,0.43,0.33
10-13-89,0.28,0.52,0.20
10-20-89,0.39,0.28,0.33
10-27-89,0.36,0.33,0.31
11-3-89,0.37,0.31,0.32
11-10-89,0.27,0.37,0.36
11-17-89,0.24,0.28,0.48
11-22-89,0.27,0.40,0.33
12-1-89,0.28,0.40,0.32
12-8-89,0.31,0.41,0.28
12-15-89,0.42,0.30,0.28
12-22-89,0.36,0.32,0.32
12-29-89,0.35,0.31,0.34
1-5-90,0.40,0.30,0.30
1-12-90,0.45,0.38,0.17
1-19-90,0.31,0.49,0.20
1-26-90,0.24,0.38,0.38
2-2-90,0.15,0.37,0.48
2-9-90,0.19,0.30,0.51
2-16-90,0.23,0.43,0.34
2-23-90,0.24,0.38,0.38
3-2-90,0.21,0.37,0.42
3-9-90,0.22,0.42,0.36
3-16-90,0.25,0.35,0.40
3-23-90,0.37,0.39,0.24
3-30-90,0.34,0.35,0.31
4-6-90,0.38,0.37,0.25
4-12-90,0.27,0.56,0.17
4-20-90,0.34,0.43,0.23
4-27-90,0.28,0.35,0.37
5-4-90,0.20,0.35,0.45
5-11-90,0.28,0.38,0.34
5-18-90,0.37,0.35,0.28
5-25-90,0.39,0.32,0.29
6-1-90,0.37,0.28,0.35
6-8-90,0.35,0.35,0.30
6-15-90,0.43,0.32,0.25
6-22-90,0.34,0.32,0.34
6-29-90,0.31,0.31,0.38
7-6-90,0.28,0.34,0.38
7-13-90,0.40,0.30,0.30
7-20-90,0.40,0.30,0.30
7-27-90,0.52,0.24,0.24
8-3-90,0.26,0.28,0.46
8-10-90,0.25,0.21,0.54
8-17-90,0.18,0.23,0.59
8-24-90,0.25,0.24,0.51
8-31-90,0.23,0.16,0.61
9-7-90,0.33,0.18,0.49
9-14-90,0.16,0.33,0.51
9-21-90,0.13,0.31,0.56
9-28-90,0.26,0.20,0.54
10-5-90,0.15,0.26,0.59
10-12-90,0.21,0.27,0.52
10-19-90,0.13,0.20,0.67
10-26-90,0.23,0.19,0.58
11-2-90,0.20,0.36,0.44
11-9-90,0.20,0.32,0.48
11-16-90,0.12,0.33,0.55
11-21-90,0.16,0.37,0.47
11-30-90,0.22,0.33,0.45
12-7-90,0.26,0.33,0.41
12-14-90,0.31,0.31,0.38
12-21-90,0.16,0.34,0.50
12-28-90,0.30,0.30,0.40
1-4-91,0.31,0.39,0.30
1-11-91,0.22,0.30,0.48
1-18-91,0.22,0.27,0.51
1-25-91,0.25,0.25,0.50
2-1-91,0.29,0.29,0.42
2-8-91,0.36,0.28,0.36
2-15-91,0.46,0.30,0.24
2-22-91,0.57,0.20,0.23
3-1-91,0.50,0.18,0.32
3-8-91,0.50,0.21,0.29
3-15-91,0.55,0.22,0.23
3-22-91,0.42,0.31,0.27
3-29-91,0.47,0.28,0.25
4-5-91,0.58,0.22,0.20
4-12-91,0.43,0.32,0.25
4-19-91,0.39,0.39,0.22
4-26-91,0.55,0.28,0.17
5-3-91,0.39,0.33,0.28
5-10-91,0.38,0.34,0.28
5-17-91,0.42,0.32,0.26
5-24-91,0.38,0.39,0.23
5-31-91,0.42,0.35,0.23
6-7-91,0.46,0.37,0.17
6-14-91,0.47,0.31,0.22
6-21-91,0.44,0.40,0.16
6-28-91,0.28,0.37,0.35
7-3-91,0.28,0.39,0.33
7-12-91,0.41,0.39,0.20
7-19-91,0.27,0.51,0.22
7-26-91,0.35,0.42,0.23
8-2-91,0.33,0.36,0.31
8-9-91,0.26,0.45,0.29
8-16-91,0.37,0.33,0.30
8-23-91,0.32,0.36,0.32
8-30-91,0.41,0.40,0.19
9-6-91,0.36,0.31,0.33
9-13-91,0.43,0.39,0.18
9-20-91,0.32,0.48,0.20
9-27-91,0.31,0.38,0.31
10-4-91,0.35,0.30,0.35
10-11-91,0.39,0.37,0.24
10-18-91,0.30,0.31,0.39
10-25-91,0.31,0.36,0.33
11-1-91,0.52,0.12,0.36
11-8-91,0.32,0.36,0.32
11-15-91,0.38,0.33,0.29
11-22-91,0.48,0.32,0.20
11-27-91,0.33,0.27,0.40
12-6-91,0.23,0.32,0.45
12-13-91,0.33,0.36,0.31
12-20-91,0.36,0.30,0.34
12-27-91,0.39,0.29,0.32
1-3-92,0.49,0.20,0.31
1-10-92,0.48,0.27,0.25
1-17-92,0.51,0.21,0.28
1-24-92,0.46,0.25,0.29
1-31-92,0.47,0.26,0.27
2-7-92,0.36,0.39,0.25
2-14-92,0.46,0.28,0.26
2-21-92,0.47,0.25,0.28
2-28-92,0.43,0.36,0.21
3-6-92,0.45,0.29,0.26
3-13-92,0.38,0.35,0.27
3-20-92,0.48,0.29,0.23
3-27-92,0.43,0.35,0.22
4-3-92,0.35,0.42,0.23
4-10-92,0.43,0.27,0.30
4-17-92,0.37,0.38,0.25
4-24-92,0.52,0.34,0.14
5-1-92,0.29,0.36,0.35
5-8-92,0.43,0.31,0.26
5-15-92,0.40,0.37,0.23
5-22-92,0.48,0.24,0.28
5-29-92,0.41,0.43,0.16
6-5-92,0.41,0.40,0.19
6-12-92,0.31,0.46,0.23
6-19-92,0.35,0.37,0.28
6-26-92,0.39,0.34,0.27
7-2-92,0.21,0.44,0.35
7-9-92,0.23,0.42,0.35
7-17-92,0.29,0.40,0.31
7-24-92,0.32,0.44,0.24
7-31-92,0.22,0.47,0.31
8-5-92,0.28,0.39,0.33
8-14-92,0.26,0.37,0.37
8-21-92,0.22,0.34,0.44
8-28-92,0.30,0.37,0.33
9-4-92,0.14,0.44,0.42
9-11-92,0.22,0.39,0.39
9-18-92,0.21,0.42,0.37
9-25-92,0.25,0.34,0.41
10-2-92,0.30,0.35,0.35
10-9-92,0.21,0.35,0.44
10-16-92,0.20,0.24,0.56
10-23-92,0.21,0.32,0.47
10-30-92,0.35,0.35,0.30
11-6-92,0.49,0.27,0.24
11-13-92,0.37,0.44,0.19
11-20-92,0.48,0.38,0.14
11-25-92,0.43,0.37,0.20
12-4-92,0.37,0.39,0.24
12-11-92,0.43,0.42,0.15
12-18-92,0.63,0.27,0.10
12-24-92,0.55,0.30,0.15
1-1-93,0.60,0.27,0.13
1-8-93,0.20,0.49,0.31
1-15-93,0.54,0.32,0.14
1-22-93,0.41,0.38,0.21
1-29-93,0.40,0.37,0.23
2-5-93,0.44,0.34,0.22
2-12-93,0.47,0.31,0.22
2-19-93,0.46,0.27,0.27
2-26-93,0.34,0.32,0.34
3-5-93,0.27,0.36,0.37
3-12-93,0.45,0.33,0.22
3-19-93,0.41,0.32,0.27
3-26-93,0.43,0.34,0.23
4-2-93,0.37,0.36,0.27
4-9-93,0.32,0.39,0.29
4-16-93,0.31,0.35,0.34
4-23-93,0.28,0.42,0.30
4-30-93,0.22,0.37,0.41
5-7-93,0.21,0.45,0.34
5-14-93,0.20,0.41,0.39
5-21-93,0.21,0.34,0.45
5-28-93,0.24,0.37,0.39
6-4-93,0.33,0.39,0.28
6-11-93,0.23,0.36,0.41
6-18-93,0.22,0.35,0.43
6-25-93,0.28,0.38,0.34
7-2-93,0.18,0.44,0.38
7-9-93,0.21,0.45,0.34
7-16-93,0.22,0.44,0.34
7-23-93,0.24,0.43,0.33
7-30-93,0.25,0.45,0.30
8-6-93,0.26,0.42,0.32
8-13-93,0.25,0.41,0.34
8-20-93,0.29,0.41,0.30
8-27-93,0.27,0.35,0.38
9-3-93,0.38,0.33,0.29
9-10-93,0.30,0.30,0.40
9-17-93,0.32,0.34,0.34
9-24-93,0.28,0.40,0.32
10-1-93,0.26,0.34,0.40
10-8-93,0.29,0.37,0.34
10-15-93,0.31,0.38,0.31
10-22-93,0.42,0.30,0.28
10-29-93,0.43,0.33,0.24
11-4-93,0.32,0.36,0.32
11-11-93,0.35,0.30,0.35
11-18-93,0.34,0.31,0.35
11-24-93,0.45,0.30,0.25
12-2-93,0.33,0.32,0.35
12-9-93,0.37,0.39,0.24
12-16-93,0.33,0.38,0.29
12-23-93,0.36,0.31,0.33
12-30-93,0.44,0.28,0.28
1-6-94,0.40,0.33,0.27
1-13-94,0.38,0.31,0.31
1-20-94,0.48,0.26,0.26
1-27-94,0.41,0.25,0.34
2-3-94,0.38,0.29,0.33
2-10-94,0.49,0.27,0.24
2-17-94,0.40,0.36,0.24
2-24-94,0.41,0.30,0.29
3-3-94,0.31,0.42,0.27
3-10-94,0.29,0.34,0.37
3-17-94,0.24,0.41,0.35
3-24-94,0.29,0.37,0.34
3-31-94,0.23,0.33,0.44
4-7-94,0.28,0.31,0.41
4-14-94,0.29,0.23,0.48
4-21-94,0.26,0.41,0.33
4-28-94,0.27,0.35,0.38
5-5-94,0.32,0.32,0.36
5-12-94,0.38,0.32,0.30
5-19-94,0.22,0.36,0.42
5-26-94,0.29,0.33,0.38
6-2-94,0.39,0.36,0.25
6-9-94,0.28,0.47,0.25
6-16-94,0.32,0.42,0.26
6-23-94,0.29,0.45,0.26
6-30-94,0.32,0.37,0.31
7-7-94,0.28,0.32,0.40
7-14-94,0.25,0.40,0.35
7-21-94,0.34,0.38,0.28
7-28-94,0.27,0.42,0.31
8-4-94,0.22,0.52,0.26
8-11-94,0.34,0.37,0.29
8-18-94,0.30,0.40,0.30
8-25-94,0.32,0.39,0.29
9-1-94,0.43,0.34,0.23
9-8-94,0.47,0.33,0.20
9-15-94,0.45,0.25,0.30
9-22-94,0.37,0.36,0.27
9-29-94,0.38,0.32,0.30
10-6-94,0.33,0.39,0.28
10-13-94,0.35,0.39,0.26
10-20-94,0.39,0.33,0.28
10-27-94,0.43,0.38,0.19
11-3-94,0.40,0.35,0.25
11-10-94,0.37,0.31,0.32
11-17-94,0.39,0.22,0.39
11-23-94,0.39,0.32,0.29
11-30-94,0.44,0.30,0.26
12-8-94,0.30,0.35,0.35
12-15-94,0.33,0.35,0.32
12-22-94,0.42,0.25,0.33
12-29-94,0.40,0.43,0.17
1-5-95,0.44,0.31,0.25
1-12-95,0.36,0.42,0.22
1-19-95,0.37,0.39,0.24
1-26-95,0.38,0.37,0.25
2-2-95,0.38,0.37,0.25
2-9-95,0.34,0.43,0.23
2-16-95,0.43,0.37,0.20
2-23-95,0.46,0.37,0.17
3-2-95,0.53,0.26,0.21
3-9-95,0.48,0.34,0.18
3-16-95,0.39,0.41,0.20
3-23-95,0.47,0.30,0.23
3-30-95,0.52,0.23,0.25
4-6-95,0.42,0.25,0.33
4-13-95,0.40,0.23,0.37
4-20-95,0.37,0.27,0.36
4-27-95,0.52,0.29,0.19
5-4-95,0.42,0.27,0.31
5-11-95,0.44,0.26,0.30
5-18-95,0.42,0.23,0.35
5-25-95,0.44,0.26,0.30
6-1-95,0.39,0.34,0.27
6-8-95,0.44,0.25,0.31
6-15-95,0.36,0.31,0.33
6-22-95,0.48,0.21,0.31
6-29-95,0.35,0.28,0.37
7-6-95,0.35,0.34,0.31
7-13-95,0.44,0.18,0.38
7-20-95,0.43,0.30,0.27
7-27-95,0.41,0.26,0.33
8-3-95,0.38,0.34,0.28
8-10-95,0.40,0.30,0.30
8-17-95,0.36,0.43,0.21
8-24-95,0.35,0.28,0.37
8-31-95,0.38,0.42,0.20
9-7-95,0.37,0.36,0.27
9-14-95,0.46,0.32,0.22
9-21-95,0.46,0.25,0.29
9-28-95,0.42,0.27,0.31
10-5-95,0.39,0.37,0.24
10-12-95,0.41,0.30,0.29
10-19-95,0.47,0.32,0.21
10-26-95,0.46,0.33,0.21
11-2-95,0.47,0.34,0.19
11-9-95,0.49,0.35,0.16
11-16-95,0.46,0.31,0.23
11-22-95,0.48,0.18,0.34
11-30-95,0.51,0.30,0.19
12-7-95,0.48,0.28,0.24
12-14-95,0.51,0.23,0.26
12-21-95,0.48,0.28,0.24
12-28-95,0.46,0.34,0.20
1-4-96,0.55,0.18,0.27
1-11-96,#N/A,#N/A,#N/A
1-18-96,0.42,0.29,0.29
1-25-96,0.36,0.40,0.24
2-1-96,0.54,0.31,0.15
2-8-96,0.53,0.31,0.16
2-15-96,0.54,0.21,0.25
2-22-96,0.49,0.22,0.29
2-29-96,0.45,0.28,0.27
3-7-96,0.44,0.28,0.28
3-14-96,0.36,0.35,0.29
3-21-96,0.47,0.31,0.22
3-28-96,0.45,0.31,0.24
4-4-96,0.40,0.43,0.17
4-11-96,0.40,0.42,0.18
4-18-96,0.36,0.38,0.26
4-25-96,0.28,0.40,0.32
5-2-96,0.48,0.31,0.21
5-9-96,0.46,0.38,0.16
5-16-96,0.37,0.40,0.23
5-23-96,0.51,0.35,0.14
5-30-96,0.61,0.29,0.10
6-6-96,0.47,0.28,0.25
6-13-96,0.49,0.28,0.23
6-20-96,0.42,0.32,0.26
6-27-96,0.42,0.41,0.17
7-3-96,0.32,0.44,0.24
7-11-96,0.40,0.35,0.25
7-18-96,0.29,0.45,0.26
7-25-96,0.30,0.32,0.38
8-1-96,0.29,0.38,0.33
8-8-96,0.27,0.42,0.31
8-15-96,0.43,0.37,0.20
8-22-96,0.28,0.46,0.26
8-29-96,0.28,0.43,0.29
9-5-96,0.29,0.35,0.36
9-12-96,0.26,0.46,0.28
9-19-96,0.28,0.41,0.31
9-26-96,0.34,0.39,0.27
10-3-96,0.40,0.31,0.29
10-10-96,0.38,0.36,0.26
10-17-96,0.39,0.36,0.25
10-24-96,0.42,0.33,0.25
10-31-96,0.37,0.29,0.34
11-7-96,0.26,0.45,0.29
11-14-96,0.37,0.34,0.29
11-21-96,0.43,0.30,0.27
11-27-96,0.52,0.27,0.21
12-5-96,0.41,0.26,0.33
12-12-96,0.40,0.28,0.32
12-19-96,0.33,0.28,0.39
12-26-96,0.37,0.33,0.30
1-2-97,0.43,0.33,0.24
1-9-97,0.36,0.39,0.25
1-16-97,0.42,0.32,0.26
1-23-97,0.37,0.41,0.22
1-30-97,0.51,0.33,0.16
2-6-97,0.47,0.29,0.24
2-13-97,0.45,0.37,0.18
2-20-97,0.44,0.36,0.20
2-27-97,0.63,0.22,0.15
3-6-97,0.43,0.37,0.20
3-13-97,0.34,0.36,0.30
3-20-97,0.36,0.42,0.22
3-27-97,0.27,0.40,0.33
4-3-97,0.29,0.40,0.31
4-10-97,0.26,0.37,0.37
4-17-97,0.31,0.41,0.28
4-24-97,0.28,0.40,0.32
5-1-97,0.27,0.44,0.29
5-8-97,0.30,0.44,0.26
5-15-97,0.41,0.36,0.23
5-22-97,0.40,0.35,0.25
5-29-97,0.40,0.40,0.20
6-5-97,0.52,0.33,0.15
6-12-97,0.49,0.35,0.16
6-19-97,0.59,0.26,0.15
6-26-97,0.52,0.25,0.23
7-3-97,0.45,0.30,0.25
7-10-97,0.49,0.33,0.18
7-17-97,0.54,0.30,0.16
7-24-97,0.53,0.25,0.22
7-31-97,0.48,0.26,0.26
8-7-97,0.49,0.28,0.23
8-14-97,0.49,0.30,0.21
8-21-97,0.47,0.33,0.20
8-28-97,0.50,0.28,0.22
9-4-97,0.37,0.38,0.25
9-11-97,0.42,0.36,0.22
9-18-97,0.40,0.44,0.16
9-25-97,0.39,0.42,0.19
10-2-97,0.38,0.43,0.19
10-9-97,0.43,0.43,0.14
10-16-97,0.43,0.36,0.21
10-23-97,0.40,0.46,0.14
10-30-97,0.41,0.36,0.23
11-6-97,0.38,0.37,0.25
11-13-97,0.45,0.38,0.17
11-20-97,0.40,0.38,0.22
11-26-97,0.40,0.40,0.20
12-4-97,0.49,0.33,0.18
12-11-97,0.46,0.37,0.17
12-18-97,0.40,0.41,0.19
12-24-97,0.41,0.36,0.23
12-31-97,0.34,0.35,0.31
1-8-98,0.42,0.40,0.18
1-16-98,0.38,0.45,0.17
1-23-98,0.31,0.39,0.30
1-30-98,0.38,0.42,0.20
2-5-98,0.30,0.45,0.25
2-12-98,0.45,0.36,0.19
2-19-98,0.42,0.43,0.15
2-26-98,0.53,0.33,0.14
3-5-98,0.53,0.34,0.13
3-12-98,0.44,0.36,0.20
3-19-98,0.40,0.38,0.22
3-26-98,0.45,0.35,0.20
4-2-98,0.46,0.32,0.22
4-9-98,0.41,0.36,0.23
4-16-98,0.53,0.32,0.15
4-23-98,0.40,0.38,0.22
4-30-98,0.44,0.31,0.25
5-7-98,0.43,0.34,0.23
5-14-98,0.33,0.41,0.26
5-21-98,0.38,0.39,0.23
5-28-98,0.34,0.40,0.26
6-4-98,0.25,0.44,0.31
6-11-98,0.27,0.49,0.24
6-18-98,0.29,0.38,0.33
6-25-98,0.28,0.44,0.28
7-2-98,0.33,0.48,0.19
7-9-98,0.36,0.44,0.20
7-16-98,0.35,0.44,0.21
7-23-98,0.37,0.39,0.24
7-30-98,0.44,0.36,0.20
8-6-98,0.30,0.44,0.26
8-13-98,0.27,0.38,0.35
8-20-98,0.25,0.42,0.33
8-27-98,0.23,0.32,0.45
9-3-98,0.23,0.37,0.40
9-10-98,0.29,0.31,0.40
9-17-98,0.34,0.35,0.31
9-24-98,0.34,0.38,0.28
10-1-98,0.32,0.35,0.33
10-8-98,0.25,0.43,0.32
10-15-98,0.25,0.34,0.41
10-22-98,0.32,0.35,0.33
10-29-98,0.43,0.36,0.21
11-5-98,0.38,0.42,0.20
11-12-98,0.50,0.36,0.14
11-19-98,0.40,0.42,0.18
11-25-98,0.48,0.35,0.17
12-3-98,0.49,0.30,0.21
12-10-98,0.44,0.30,0.26
12-17-98,0.41,0.34,0.25
12-23-98,0.34,0.34,0.32
12-31-98,0.41,0.37,0.22
1-7-99,0.38,0.39,0.23
1-14-99,0.51,0.28,0.21
1-21-99,0.56,0.24,0.20
1-28-99,0.47,0.33,0.20
2-4-99,0.48,0.38,0.14
2-11-99,0.48,0.35,0.17
2-18-99,0.37,0.39,0.24
2-25-99,0.37,0.39,0.24
3-4-99,0.36,0.45,0.19
3-11-99,0.37,0.42,0.21
3-18-99,0.48,0.31,0.21
3-25-99,0.38,0.33,0.29
4-1-99,0.40,0.35,0.25
4-8-99,0.36,0.38,0.26
4-15-99,0.41,0.31,0.28
4-22-99,0.38,0.32,0.30
4-29-99,0.41,0.32,0.27
5-6-99,0.54,0.32,0.14
5-13-99,0.43,0.31,0.26
5-20-99,0.43,0.31,0.26
5-27-99,0.38,0.42,0.20
6-3-99,0.32,0.36,0.32
6-10-99,0.32,0.40,0.28
6-17-99,0.38,0.35,0.27
6-24-99,0.30,0.39,0.31
7-1-99,0.35,0.38,0.27
7-8-99,0.43,0.36,0.21
7-15-99,0.54,0.28,0.18
7-22-99,0.55,0.23,0.22
7-29-99,0.42,0.38,0.20
8-5-99,0.30,0.46,0.24
8-12-99,0.30,0.40,0.30
8-19-99,0.31,0.46,0.23
8-26-99,0.35,0.40,0.25
9-2-99,0.44,0.38,0.18
9-9-99,0.37,0.38,0.25
9-16-99,0.36,0.43,0.21
9-23-99,0.36,0.36,0.28
9-30-99,0.35,0.42,0.23
10-7-99,0.34,0.38,0.28
10-14-99,0.42,0.39,0.19
10-21-99,0.38,0.37,0.25
10-28-99,0.38,0.38,0.24
11-4-99,0.43,0.35,0.22
11-11-99,0.48,0.26,0.26
11-18-99,0.46,0.32,0.22
11-24-99,0.55,0.28,0.17
12-2-99,0.62,0.25,0.13
12-9-99,0.62,0.27,0.11
12-16-99,0.54,0.26,0.20
12-23-99,0.52,0.31,0.17
12-30-99,0.60,0.25,0.15
1-6-00,0.75,0.12,0.13
1-13-00,0.59,0.22,0.19
1-20-00,0.57,0.25,0.18
1-27-00,0.54,0.26,0.20
2-3-00,0.51,0.24,0.24
2-10-00,0.42,0.30,0.28
2-17-00,0.27,0.48,0.24
2-24-00,0.41,0.28,0.31
3-2-00,0.37,0.40,0.23
3-8-00,0.58,0.25,0.17
3-16-00,0.50,0.23,0.27
3-23-00,0.66,0.14,0.20
3-30-00,0.39,0.11,0.50
4-6-00,0.46,0.33,0.21
4-13-00,0.52,0.19,0.30
4-20-00,0.64,0.14,0.23
4-27-00,0.61,0.24,0.15
5-4-00,0.35,0.30,0.35
5-11-00,0.30,0.44,0.26
5-18-00,0.35,0.24,0.41
5-25-00,0.35,0.29,0.37
6-1-00,0.42,0.21,0.38
6-8-00,0.62,0.15,0.23
6-15-00,0.44,0.38,0.19
6-22-00,0.27,0.33,0.40
7-6-00,0.56,0.28,0.16
7-13-00,0.65,0.15,0.20
7-20-00,0.67,0.21,0.12
7-27-00,0.43,0.37,0.20
8-3-00,0.41,0.35,0.24
8-10-00,0.54,0.34,0.11
8-17-00,0.59,0.22,0.19
8-23-00,0.58,0.19,0.23
8-31-00,0.56,0.26,0.18
9-7-00,0.63,0.29,0.08
9-14-00,0.41,0.35,0.24
9-21-00,0.44,0.38,0.19
9-28-00,0.53,0.40,0.07
10-5-00,0.42,0.32,0.26
10-12-00,0.41,0.27,0.32
10-19-00,0.49,0.27,0.24
10-26-00,0.64,0.18,0.18
11-2-00,0.52,0.26,0.23
11-9-00,0.63,0.29,0.09
11-16-00,0.46,0.38,0.17
11-23-00,0.37,0.27,0.37
11-30-00,0.60,0.23,0.17
12-7-00,0.47,0.16,0.37
12-14-00,0.60,0.08,0.33
12-21-00,0.31,0.18,0.51
12-28-00,0.40,0.28,0.32
1-4-01,0.43,0.33,0.24
1-11-01,0.36,0.21,0.43
1-18-01,0.37,0.39,0.24
1-25-01,0.49,0.25,0.26
2-1-01,0.50,0.31,0.19
2-8-01,0.56,0.30,0.14
2-15-01,0.30,0.48,0.22
2-22-01,0.26,0.35,0.39
3-1-01,0.46,0.20,0.34
3-8-01,0.32,0.37,0.32
3-15-01,0.31,0.33,0.36
3-22-01,0.28,0.25,0.47
3-29-01,0.37,0.35,0.27
4-5-01,0.35,0.26,0.39
4-12-01,0.30,0.29,0.41
4-19-01,0.44,0.25,0.31
4-26-01,0.47,0.22,0.31
5-3-01,0.64,0.15,0.22
5-10-01,0.53,0.29,0.18
5-17-01,0.52,0.29,0.19
5-24-01,0.62,0.21,0.17
5-31-01,0.49,0.22,0.29
6-7-01,0.43,0.32,0.26
6-14-01,0.31,0.47,0.22
6-21-01,0.33,0.43,0.23
6-28-01,0.30,0.37,0.33
7-5-01,0.41,0.41,0.19
7-12-01,0.25,0.38,0.36
7-19-01,0.50,0.35,0.15
7-26-01,0.30,0.32,0.38
8-2-01,0.36,0.27,0.36
8-9-01,0.35,0.37,0.28
8-16-01,0.35,0.27,0.38
8-23-01,0.34,0.34,0.31
8-30-01,0.31,0.46,0.23
9-6-01,0.30,0.36,0.34
9-13-01,0.27,0.37,0.37
9-20-01,0.31,0.24,0.45
9-27-01,0.51,0.27,0.22
10-4-01,0.51,0.20,0.29
10-11-01,0.47,0.25,0.28
10-18-01,0.61,0.18,0.21
10-25-01,0.56,0.26,0.18
11-1-01,0.35,0.32,0.33
11-8-01,0.35,0.23,0.42
11-15-01,0.45,0.21,0.33
11-22-01,0.58,0.17,0.25
11-29-01,0.69,0.11,0.20
12-6-01,0.59,0.16,0.24
12-13-01,0.61,0.25,0.14
12-20-01,0.52,0.21,0.26
12-27-01,0.58,0.15,0.27
1-3-02,0.51,0.24,0.24
1-10-02,0.55,0.23,0.22
1-17-02,0.30,0.41,0.30
1-24-02,0.35,0.35,0.31
1-31-02,0.45,0.32,0.23
2-7-02,0.38,0.40,0.23
2-14-02,0.45,0.39,0.16
2-21-02,0.36,0.38,0.25
2-28-02,0.44,0.35,0.20
3-7-02,0.53,0.31,0.16
3-14-02,0.56,0.29,0.15
3-21-02,0.53,0.35,0.11
3-28-02,0.51,0.26,0.23
4-4-02,0.40,0.39,0.20
4-11-02,0.28,0.38,0.33
4-18-02,0.40,0.37,0.23
4-25-02,0.37,0.40,0.23
5-2-02,0.27,0.40,0.33
5-9-02,0.30,0.29,0.41
5-16-02,0.37,0.35,0.28
5-23-02,0.26,0.33,0.40
5-29-02,0.28,0.32,0.40
6-6-02,0.33,0.28,0.39
6-13-02,0.32,0.35,0.34
6-20-02,0.46,0.29,0.26
6-27-02,0.31,0.23,0.46
7-3-02,0.27,0.27,0.47
7-11-02,0.35,0.23,0.42
7-18-02,0.26,0.20,0.54
7-25-02,0.28,0.23,0.49
8-1-02,0.34,0.34,0.32
8-8-02,0.38,0.23,0.39
8-15-02,0.38,0.21,0.41
8-22-02,0.44,0.17,0.40
8-29-02,0.50,0.21,0.29
9-5-02,0.31,0.19,0.50
9-12-02,0.38,0.25,0.37
9-19-02,0.34,0.23,0.43
9-26-02,0.25,0.28,0.47
10-3-02,0.35,0.17,0.48
10-10-02,0.29,0.16,0.55
10-17-02,0.39,0.21,0.39
10-24-02,0.45,0.22,0.34
10-31-02,0.51,0.21,0.28
11-7-02,0.50,0.24,0.26
11-14-02,0.49,0.19,0.32
11-21-02,0.51,0.28,0.21
11-28-02,0.51,0.17,0.32
12-5-02,0.53,0.29,0.18
12-12-02,0.41,0.34,0.24
12-19-02,0.43,0.27,0.30
12-26-02,0.40,0.28,0.32
1-2-03,0.32,0.30,0.38
1-9-03,0.38,0.19,0.43
1-16-03,0.29,0.42,0.29
1-23-03,0.25,0.32,0.43
1-30-03,0.26,0.27,0.48
2-6-03,0.23,0.51,0.26
2-13-03,0.22,0.40,0.38
2-20-03,0.21,0.21,0.58
2-27-03,0.26,0.27,0.47
3-6-03,0.33,0.27,0.39
3-13-03,0.34,0.14,0.51
3-20-03,0.43,0.19,0.38
3-27-03,0.39,0.28,0.33
4-3-03,0.32,0.29,0.38
4-10-03,0.38,0.31,0.31
4-17-03,0.46,0.22,0.31
4-24-03,0.63,0.18,0.19
5-1-03,0.49,0.26,0.26
5-8-03,0.53,0.29,0.18
5-15-03,0.63,0.21,0.16
5-22-03,0.38,0.26,0.36
5-29-03,0.63,0.23,0.14
6-5-03,0.52,0.29,0.19
6-12-03,0.50,0.21,0.29
6-19-03,0.56,0.08,0.36
6-26-03,0.71,0.20,0.09
7-3-03,0.41,0.24,0.35
7-10-03,0.43,0.26,0.31
7-17-03,0.51,0.20,0.29
7-24-03,0.52,0.17,0.31
7-31-03,0.52,0.32,0.16
8-7-03,0.45,0.22,0.32
8-14-03,0.51,0.26,0.24
8-21-03,0.63,0.19,0.19
8-28-03,0.57,0.21,0.23
9-4-03,0.62,0.21,0.16
9-11-03,0.58,0.24,0.17
9-18-03,0.63,0.18,0.20
9-25-03,0.57,0.20,0.22
10-2-03,0.50,0.21,0.29
10-9-03,0.58,0.19,0.23
10-16-03,0.60,0.26,0.14
10-23-03,0.53,0.31,0.17
10-30-03,0.58,0.23,0.19
11-6-03,0.58,0.26,0.17
11-13-03,0.53,0.32,0.14
11-20-03,0.53,0.26,0.21
11-27-03,0.60,0.19,0.21
12-4-03,0.69,0.16,0.14
12-11-03,0.55,0.24,0.21
12-18-03,0.60,0.20,0.19
12-26-03,0.66,0.17,0.17
1-1-04,0.62,0.24,0.13
1-8-04,0.67,0.15,0.18
1-15-04,0.66,0.24,0.10
1-22-04,0.70,0.17,0.13
1-29-04,0.57,0.28,0.15
2-5-04,0.51,0.27,0.22
2-12-04,0.56,0.29,0.15
2-19-04,0.56,0.23,0.21
2-26-04,0.42,0.28,0.31
3-4-04,0.48,0.39,0.13
3-11-04,0.41,0.25,0.34
3-18-04,0.39,0.35,0.26
3-25-04,0.31,0.26,0.43
4-1-04,0.55,0.22,0.22
4-8-04,0.59,0.21,0.20
4-15-04,0.64,0.23,0.14
4-22-04,0.50,0.28,0.23
4-29-04,0.50,0.29,0.21
5-6-04,0.39,0.34,0.27
5-13-04,0.33,0.24,0.43
5-20-04,0.37,0.23,0.40
5-27-04,0.36,0.24,0.40
6-3-04,0.33,0.40,0.26
6-10-04,0.55,0.29,0.16
6-17-04,0.41,0.30,0.28
6-24-04,0.56,0.21,0.23
7-1-04,0.57,0.27,0.16
7-8-04,0.55,0.23,0.21
7-15-04,0.47,0.29,0.24
7-22-04,0.36,0.40,0.24
7-29-04,0.34,0.30,0.36
8-5-04,0.31,0.35,0.34
8-12-04,0.39,0.21,0.40
8-19-04,0.35,0.30,0.35
8-26-04,0.42,0.33,0.25
9-2-04,0.42,0.30,0.28
9-9-04,0.51,0.26,0.24
9-16-04,0.45,0.23,0.32
9-23-04,0.51,0.22,0.27
9-30-04,0.41,0.20,0.39
10-7-04,0.57,0.23,0.20
10-14-04,0.45,0.27,0.28
10-21-04,0.42,0.29,0.29
10-28-04,0.42,0.26,0.32
11-4-04,0.57,0.20,0.23
11-11-04,0.63,0.16,0.22
11-18-04,0.64,0.13,0.22
11-24-04,0.49,0.24,0.27
12-2-04,0.57,0.18,0.25
12-9-04,0.51,0.23,0.25
12-16-04,0.53,0.28,0.19
12-23-04,0.60,0.22,0.18
12-30-04,0.58,0.25,0.18
1-6-05,0.38,0.27,0.35
1-13-05,0.34,0.26,0.40
1-20-05,0.34,0.33,0.34
1-27-05,0.26,0.37,0.36
2-3-05,0.42,0.33,0.25
2-10-05,0.44,0.33,0.23
2-17-05,0.36,0.34,0.30
2-24-05,0.32,0.36,0.32
3-3-05,0.40,0.33,0.27
3-10-05,0.50,0.26,0.25
3-17-05,0.32,0.35,0.32
3-24-05,0.23,0.35,0.42
3-31-05,0.28,0.21,0.51
4-7-05,0.28,0.28,0.44
4-14-05,0.16,0.42,0.42
4-21-05,0.37,0.30,0.33
4-28-05,0.30,0.36,0.35
5-5-05,0.29,0.27,0.45
5-12-05,0.31,0.33,0.36
5-19-05,0.39,0.32,0.29
5-26-05,0.44,0.32,0.23
6-2-05,0.49,0.32,0.19
6-9-05,0.46,0.34,0.20
6-16-05,0.48,0.33,0.19
6-23-05,0.47,0.35,0.18
6-30-05,0.46,0.25,0.29
7-7-05,0.43,0.37,0.20
7-14-05,0.58,0.28,0.14
7-21-05,0.41,0.31,0.27
7-28-05,0.58,0.25,0.18
8-4-05,0.48,0.26,0.26
8-11-05,0.40,0.31,0.29
8-18-05,0.29,0.30,0.40
8-25-05,0.36,0.33,0.31
9-1-05,0.32,0.31,0.38
9-8-05,0.42,0.25,0.33
9-15-05,0.51,0.20,0.29
9-22-05,0.39,0.28,0.32
9-29-05,0.32,0.29,0.39
10-6-05,0.50,0.23,0.27
10-13-05,0.39,0.13,0.48
10-20-05,0.43,0.21,0.36
10-27-05,0.32,0.22,0.46
11-3-05,0.43,0.29,0.28
11-10-05,0.59,0.18,0.23
11-17-05,0.54,0.25,0.22
11-24-05,0.57,0.27,0.16
12-1-05,0.52,0.24,0.23
12-8-05,0.49,0.32,0.19
12-15-05,0.46,0.32,0.22
12-22-05,0.41,0.31,0.28
12-29-05,0.37,0.26,0.37
1-5-06,0.29,0.30,0.40
1-12-06,0.59,0.22,0.19
1-19-06,0.50,0.24,0.26
1-26-06,0.31,0.36,0.33
2-2-06,0.45,0.22,0.33
2-9-06,0.40,0.25,0.35
2-16-06,0.40,0.24,0.36
2-23-06,0.43,0.28,0.28
3-2-06,0.41,0.30,0.29
3-9-06,0.41,0.28,0.31
3-16-06,0.47,0.21,0.33
3-23-06,0.44,0.29,0.28
3-30-06,0.37,0.30,0.33
4-6-06,0.48,0.29,0.23
4-13-06,0.45,0.27,0.28
4-20-06,0.34,0.25,0.41
4-27-06,0.42,0.22,0.36
5-4-06,0.46,0.21,0.34
5-11-06,0.55,0.18,0.27
5-18-06,0.39,0.17,0.44
5-25-06,0.33,0.21,0.46
6-1-06,0.31,0.19,0.50
6-8-06,0.26,0.29,0.45
6-15-06,0.26,0.19,0.55
6-22-06,0.34,0.24,0.42
6-29-06,0.39,0.22,0.40
7-6-06,0.38,0.20,0.43
7-13-06,0.37,0.24,0.39
7-20-06,0.24,0.18,0.58
7-27-06,0.35,0.22,0.43
8-3-06,0.31,0.21,0.47
8-10-06,0.37,0.22,0.41
8-17-06,0.31,0.34,0.36
8-24-06,0.39,0.23,0.37
8-31-06,0.42,0.33,0.26
9-7-06,0.43,0.27,0.30
9-14-06,0.48,0.14,0.38
9-21-06,0.48,0.18,0.34
9-28-06,0.51,0.16,0.33
10-5-06,0.38,0.16,0.47
10-12-06,0.49,0.13,0.38
10-19-06,0.54,0.16,0.30
10-26-06,0.52,0.17,0.30
11-2-06,0.44,0.19,0.37
11-9-06,0.51,0.23,0.27
11-16-06,0.47,0.23,0.31
11-23-06,0.42,0.16,0.42
11-30-06,0.40,0.12,0.47
12-7-06,0.39,0.19,0.42
12-14-06,0.41,0.21,0.38
12-21-06,0.39,0.18,0.43
12-28-06,0.46,0.18,0.36
1-4-07,0.49,0.22,0.29
1-11-07,0.44,0.21,0.34
1-18-07,0.58,0.15,0.27
1-25-07,0.40,0.27,0.33
2-1-07,0.46,0.23,0.31
2-8-07,0.46,0.24,0.30
2-15-07,0.48,0.21,0.31
2-22-07,0.54,0.24,0.22
3-1-07,0.37,0.24,0.40
3-8-07,0.36,0.19,0.45
3-15-07,0.33,0.22,0.45
3-22-07,0.44,0.23,0.33
3-29-07,0.43,0.32,0.26
4-5-07,0.32,0.28,0.40
4-12-07,0.41,0.21,0.38
4-19-07,0.47,0.23,0.30
4-26-07,0.39,0.23,0.38
5-3-07,0.29,0.17,0.54
5-10-07,0.43,0.14,0.43
5-17-07,0.38,0.25,0.37
5-24-07,0.37,0.24,0.39
5-31-07,0.33,0.22,0.45
6-7-07,0.41,0.17,0.43
6-14-07,0.37,0.19,0.44
6-21-07,0.43,0.23,0.34
6-28-07,0.39,0.25,0.36
7-5-07,0.44,0.23,0.33
7-12-07,0.44,0.26,0.30
7-19-07,0.42,0.22,0.37
7-26-07,0.44,0.19,0.37
8-2-07,0.46,0.14,0.40
8-9-07,0.46,0.15,0.39
8-16-07,0.42,0.12,0.46
8-23-07,0.41,0.16,0.43
8-30-07,0.40,0.13,0.46
9-6-07,0.38,0.19,0.42
9-13-07,0.40,0.25,0.35
9-20-07,0.39,0.29,0.32
9-27-07,0.49,0.16,0.34
10-4-07,0.52,0.23,0.25
10-11-07,0.55,0.20,0.26
10-18-07,0.42,0.22,0.36
10-25-07,0.31,0.21,0.48
11-1-07,0.45,0.19,0.36
11-8-07,0.36,0.12,0.51
11-15-07,0.33,0.17,0.50
11-22-07,0.26,0.22,0.53
11-29-07,0.29,0.15,0.56
12-6-07,0.41,0.20,0.40
12-13-07,0.48,0.17,0.36
12-20-07,0.36,0.17,0.47
12-27-07,0.30,0.20,0.50
1-3-08,0.26,0.19,0.55
1-10-08,0.20,0.22,0.59
1-17-08,0.24,0.21,0.54
1-24-08,0.25,0.16,0.59
1-31-08,0.30,0.21,0.49
2-7-08,0.34,0.19,0.47
2-14-08,0.33,0.25,0.42
2-21-08,0.33,0.22,0.45
2-28-08,0.34,0.20,0.45
3-6-08,0.22,0.26,0.52
3-13-08,0.20,0.20,0.59
3-20-08,0.25,0.21,0.54
3-27-08,0.42,0.25,0.34
4-3-08,0.37,0.24,0.39
4-10-08,0.46,0.17,0.37
4-17-08,0.30,0.21,0.49
4-24-08,0.47,0.26,0.28
5-1-08,0.53,0.20,0.26
5-8-08,0.53,0.22,0.25
5-15-08,0.45,0.25,0.30
5-22-08,0.46,0.19,0.34
5-29-08,0.31,0.23,0.46
6-5-08,0.43,0.18,0.38
6-12-08,0.31,0.15,0.54
6-19-08,0.33,0.21,0.46
6-26-08,0.31,0.16,0.52
7-3-08,0.24,0.24,0.52
7-10-08,0.22,0.23,0.55
7-17-08,0.25,0.17,0.58
7-24-08,0.36,0.20,0.44
7-31-08,0.40,0.19,0.41
8-7-08,0.36,0.22,0.42
8-14-08,0.43,0.18,0.39
8-21-08,0.38,0.25,0.37
8-28-08,0.31,0.24,0.45
9-4-08,0.37,0.20,0.43
9-11-08,0.29,0.16,0.55
9-18-08,0.27,0.18,0.54
9-25-08,0.34,0.20,0.46
10-2-08,0.33,0.12,0.55
10-9-08,0.31,0.08,0.61
10-16-08,0.41,0.19,0.40
10-23-08,0.39,0.23,0.39
10-30-08,0.37,0.22,0.41
11-6-08,0.45,0.22,0.33
11-13-08,0.38,0.19,0.43
11-20-08,0.24,0.18,0.57
11-27-08,0.31,0.24,0.45
12-4-08,0.27,0.26,0.48
12-11-08,0.38,0.23,0.40
12-18-08,0.40,0.25,0.36
12-25-08,0.29,0.27,0.44
1-1-09,0.24,0.21,0.55
1-8-09,0.49,0.16,0.35
1-15-09,0.28,0.25,0.47
1-22-09,0.27,0.26,0.46
1-29-09,0.25,0.27,0.47
2-5-09,0.25,0.31,0.44
2-12-09,0.33,0.28,0.39
2-19-09,0.22,0.22,0.57
2-26-09,0.24,0.21,0.55
3-5-09,0.19,0.11,0.70
3-12-09,0.28,0.18,0.54
3-19-09,0.45,0.17,0.38
3-26-09,0.39,0.18,0.42
4-2-09,0.43,0.20,0.37
4-9-09,0.36,0.20,0.44
4-16-09,0.44,0.20,0.36
4-23-09,0.32,0.30,0.39
4-30-09,0.36,0.20,0.44
5-7-09,0.44,0.23,0.33
5-14-09,0.44,0.21,0.35
5-21-09,0.34,0.21,0.45
5-28-09,0.40,0.11,0.49
6-4-09,0.48,0.16,0.37
6-11-09,0.39,0.22,0.39
6-18-09,0.33,0.20,0.46
6-25-09,0.28,0.23,0.49
7-2-09,0.38,0.18,0.45
7-9-09,0.28,0.17,0.55
7-16-09,0.29,0.24,0.47
7-23-09,0.38,0.20,0.42
7-30-09,0.48,0.21,0.31
8-6-09,0.50,0.15,0.35
8-13-09,0.51,0.16,0.33
8-20-09,0.34,0.26,0.40
8-27-09,0.34,0.17,0.49
9-3-09,0.38,0.24,0.38
9-10-09,0.37,0.19,0.44
9-17-09,0.42,0.18,0.40
9-24-09,0.39,0.16,0.45
10-1-09,0.44,0.21,0.35
10-8-09,0.35,0.24,0.41
10-15-09,0.47,0.19,0.34
10-22-09,0.40,0.24,0.36
10-29-09,0.34,0.24,0.42
11-5-09,0.22,0.22,0.56
11-12-09,0.39,0.23,0.39
11-19-09,0.43,0.25,0.32
11-26-09,0.42,0.17,0.42
12-3-09,0.42,0.25,0.34
12-10-09,0.43,0.22,0.35
12-17-09,0.42,0.29,0.28
12-24-09,0.38,0.25,0.38
12-31-09,0.49,0.28,0.23
1-7-10,0.41,0.33,0.26
1-14-10,0.47,0.26,0.27
1-21-10,0.40,0.25,0.35
1-28-10,0.35,0.28,0.37
2-4-10,0.29,0.28,0.43
2-11-10,0.37,0.21,0.42
2-18-10,0.36,0.29,0.35
2-25-10,0.35,0.36,0.30
3-4-10,0.36,0.38,0.26
3-11-10,0.45,0.29,0.25
3-18-10,0.35,0.35,0.30
3-25-10,0.32,0.33,0.35
4-1-10,0.41,0.28,0.31
4-8-10,0.43,0.27,0.30
4-15-10,0.48,0.22,0.30
4-22-10,0.38,0.28,0.34
4-29-10,0.41,0.30,0.29
5-6-10,0.39,0.32,0.29
5-13-10,0.37,0.27,0.37
5-20-10,0.41,0.25,0.34
5-27-10,0.30,0.19,0.51
6-3-10,0.37,0.22,0.41
6-10-10,0.34,0.22,0.43
6-17-10,0.42,0.27,0.31
6-24-10,0.34,0.33,0.32
7-1-10,0.25,0.33,0.42
7-8-10,0.21,0.22,0.57
7-15-10,0.39,0.23,0.38
7-22-10,0.32,0.23,0.45
7-29-10,0.40,0.27,0.33
8-5-10,0.30,0.31,0.38
8-12-10,0.40,0.30,0.30
8-19-10,0.30,0.27,0.42
8-26-10,0.21,0.30,0.49
9-2-10,0.31,0.27,0.42
9-9-10,0.44,0.25,0.32
9-16-10,0.51,0.25,0.24
9-23-10,0.45,0.30,0.25
9-30-10,0.43,0.26,0.32
10-7-10,0.49,0.23,0.28
10-14-10,0.47,0.26,0.27
10-21-10,0.50,0.25,0.25
10-28-10,0.51,0.27,0.22
11-4-10,0.48,0.22,0.30
11-11-10,0.58,0.14,0.28
11-18-10,0.40,0.28,0.33
11-25-10,0.47,0.28,0.25
12-2-10,0.50,0.24,0.26
12-9-10,0.53,0.24,0.23
12-16-10,0.50,0.23,0.27
12-23-10,0.63,0.20,0.16
12-30-10,0.52,0.28,0.20
1-6-11,0.56,0.26,0.18
1-13-11,0.52,0.24,0.23
1-20-11,0.51,0.20,0.29
1-27-11,0.42,0.24,0.34
2-3-11,0.52,0.22,0.27
2-10-11,0.49,0.24,0.27
2-17-11,0.47,0.28,0.26
2-24-11,0.37,0.27,0.36
3-3-11,0.37,0.30,0.33
3-10-11,0.36,0.32,0.32
3-17-11,0.28,0.31,0.40
3-24-11,0.38,0.27,0.35
3-31-11,0.42,0.27,0.31
4-7-11,0.44,0.28,0.29
4-14-11,0.42,0.27,0.31
4-21-11,0.32,0.37,0.31
4-28-11,0.38,0.31,0.31
5-5-11,0.35,0.33,0.32
5-12-11,0.31,0.34,0.36
5-19-11,0.27,0.32,0.41
5-26-11,0.26,0.33,0.41
6-2-11,0.30,0.36,0.33
6-9-11,0.24,0.28,0.48
6-16-11,0.29,0.28,0.43
6-23-11,0.37,0.27,0.36
6-30-11,0.38,0.31,0.30
7-7-11,0.42,0.34,0.25
7-14-11,0.39,0.31,0.29
7-21-11,0.40,0.30,0.31
7-28-11,0.38,0.31,0.31
8-4-11,0.27,0.23,0.50
8-11-11,0.33,0.22,0.45
8-18-11,0.36,0.25,0.40
8-25-11,0.36,0.23,0.41
9-1-11,0.39,0.29,0.32
9-8-11,0.30,0.30,0.40
9-15-11,0.31,0.28,0.41
9-22-11,0.25,0.27,0.48
9-29-11,0.33,0.21,0.47
10-6-11,0.35,0.19,0.46
10-13-11,0.40,0.24,0.36
10-20-11,0.36,0.29,0.35
10-27-11,0.43,0.32,0.25
11-3-11,0.40,0.30,0.30
11-10-11,0.45,0.31,0.25
11-17-11,0.42,0.27,0.31
11-24-11,0.33,0.29,0.38
12-1-11,0.33,0.28,0.39
12-8-11,0.39,0.27,0.35
12-15-11,0.40,0.26,0.34
12-22-11,0.34,0.38,0.28
12-29-11,0.41,0.29,0.31
1-5-12,0.49,0.34,0.17
1-12-12,0.49,0.34,0.17
1-19-12,0.47,0.29,0.24
1-26-12,0.48,0.33,0.19
2-2-12,0.44,0.31,0.25
2-9-12,0.52,0.28,0.20
2-16-12,0.43,0.31,0.27
2-23-12,0.44,0.29,0.28
3-1-12,0.45,0.29,0.27
3-8-12,0.42,0.29,0.29
3-15-12,0.46,0.27,0.27
3-22-12,0.42,0.30,0.28
3-29-12,0.42,0.32,0.25
4-5-12,0.38,0.34,0.28
4-12-12,0.28,0.30,0.42
4-19-12,0.31,0.35,0.34
4-26-12,0.28,0.35,0.37
5-3-12,0.35,0.36,0.28
5-10-12,0.25,0.33,0.42
5-17-12,0.24,0.30,0.46
5-24-12,0.30,0.31,0.39
5-31-12,0.28,0.30,0.42
6-7-12,0.27,0.27,0.46
6-14-12,0.34,0.30,0.36
6-21-12,0.33,0.31,0.36
6-28-12,0.29,0.27,0.44
7-5-12,0.33,0.34,0.33
7-12-12,0.30,0.35,0.35
7-19-12,0.22,0.36,0.42
7-26-12,0.28,0.29,0.43
8-2-12,0.30,0.35,0.35
8-9-12,0.36,0.36,0.27
8-16-12,0.37,0.35,0.28
8-23-12,0.42,0.32,0.26
8-30-12,0.35,0.33,0.33
9-6-12,0.33,0.34,0.33
9-13-12,0.36,0.31,0.33
9-20-12,0.38,0.29,0.34
9-27-12,0.36,0.27,0.36
10-4-12,0.34,0.33,0.33
10-11-12,0.31,0.31,0.39
10-18-12,0.29,0.27,0.45
10-25-12,0.29,0.28,0.43
11-1-12,0.36,0.23,0.41
11-8-12,0.38,0.22,0.40
11-15-12,0.29,0.22,0.49
11-22-12,0.36,0.23,0.41
11-28-12,0.41,0.25,0.34
12-6-12,0.42,0.23,0.35
12-13-12,0.43,0.27,0.30
12-20-12,0.46,0.29,0.25
12-27-12,0.44,0.25,0.30
1-3-13,0.39,0.25,0.36
1-10-13,0.46,0.27,0.27
1-17-13,0.44,0.29,0.27
1-24-13,0.52,0.23,0.24
1-31-13,0.48,0.28,0.24
2-7-13,0.43,0.28,0.30
2-14-13,0.42,0.29,0.29
2-21-13,0.42,0.26,0.33
2-28-13,0.28,0.35,0.37
3-7-13,0.31,0.30,0.39
3-14-13,0.45,0.23,0.32
3-21-13,0.39,0.28,0.33
3-28-13,0.38,0.33,0.29
4-4-13,0.35,0.36,0.28
4-11-13,0.19,0.26,0.54
4-18-13,0.27,0.25,0.48
4-25-13,0.28,0.33,0.39
5-2-13,0.31,0.33,0.36
5-9-13,0.41,0.32,0.27
5-16-13,0.38,0.32,0.29
5-23-13,0.49,0.29,0.22
5-30-13,0.36,0.34,0.30
6-6-13,0.29,0.32,0.39
6-13-13,0.33,0.32,0.35
6-20-13,0.37,0.33,0.30
6-27-13,0.30,0.35,0.35
7-4-13,0.42,0.34,0.24
7-11-13,0.49,0.33,0.18
7-18-13,0.48,0.31,0.21
7-25-13,0.45,0.32,0.23
8-1-13,0.36,0.39,0.25
8-8-13,0.39,0.34,0.27
8-15-13,0.35,0.37,0.28
8-22-13,0.29,0.28,0.43
8-29-13,0.34,0.36,0.31
9-5-13,0.36,0.33,0.31
9-12-13,0.46,0.30,0.25
9-19-13,0.45,0.25,0.30
9-26-13,0.36,0.33,0.31
10-3-13,0.38,0.32,0.30
10-10-13,0.41,0.25,0.34
10-17-13,0.46,0.29,0.25
10-24-13,0.49,0.33,0.18
10-31-13,0.45,0.34,0.21
11-7-13,0.45,0.33,0.22
11-14-13,0.39,0.33,0.27
11-21-13,0.34,0.36,0.29
11-28-13,0.47,0.24,0.28
12-5-13,0.43,0.30,0.28
12-12-13,0.41,0.34,0.25
12-19-13,0.47,0.27,0.25
12-26-13,0.55,0.26,0.19
1-2-14,0.43,0.28,0.29
1-9-14,0.44,0.31,0.25
1-16-14,0.39,0.40,0.21
1-23-14,0.38,0.38,0.24
1-30-14,0.32,0.35,0.33
2-6-14,0.28,0.36,0.36
2-13-14,0.40,0.33,0.27
2-20-14,0.42,0.35,0.23
2-27-14,0.40,0.39,0.21
3-6-14,0.41,0.33,0.27
3-13-14,0.41,0.32,0.27
3-20-14,0.37,0.37,0.26
3-27-14,0.31,0.40,0.29
4-3-14,0.35,0.38,0.27
4-10-14,0.28,0.37,0.34
4-17-14,0.27,0.39,0.34
4-24-14,0.35,0.39,0.26
5-1-14,0.30,0.41,0.29
5-8-14,0.28,0.43,0.29
5-15-14,0.33,0.44,0.23
5-22-14,0.30,0.43,0.26
5-29-14,0.36,0.40,0.23
6-5-14,0.40,0.38,0.22
6-12-14,0.45,0.34,0.21
6-19-14,0.35,0.41,0.24
6-26-14,0.37,0.42,0.21
7-3-14,0.39,0.39,0.22
7-10-14,0.38,0.34,0.29
7-17-14,0.32,0.39,0.28
7-24-14,0.30,0.40,0.30
7-31-14,0.31,0.38,0.31
8-7-14,0.31,0.31,0.38
8-14-14,0.40,0.33,0.27
8-21-14,0.46,0.30,0.24
8-28-14,0.52,0.29,0.19
9-4-14,0.45,0.31,0.24
9-11-14,0.40,0.33,0.27
9-18-14,0.42,0.35,0.23
9-25-14,0.42,0.30,0.28
10-2-14,0.35,0.34,0.31
10-9-14,0.40,0.29,0.31
10-16-14,0.43,0.24,0.34
10-23-14,0.50,0.28,0.23
10-30-14,0.49,0.30,0.21
11-6-14,0.53,0.32,0.15
11-13-14,0.58,0.23,0.19
11-20-14,0.49,0.27,0.24
11-27-14,0.52,0.27,0.21
12-4-14,0.43,0.31,0.26
12-11-14,0.45,0.33,0.22
12-18-14,0.39,0.34,0.27
12-25-14,0.51,0.30,0.19
1-1-15,0.52,0.29,0.19
1-8-15,0.41,0.31,0.28
1-15-15,0.46,0.32,0.21
1-22-15,0.37,0.32,0.31
1-29-15,0.44,0.33,0.22
2-5-15,0.35,0.32,0.32
2-12-15,0.40,0.40,0.20
2-19-15,0.47,0.35,0.18
2-26-15,0.45,0.34,0.20
3-5-15,0.40,0.37,0.23
3-12-15,0.32,0.43,0.25
3-19-15,0.27,0.41,0.31
3-26-15,0.38,0.37,0.24
4-2-15,0.35,0.33,0.32
4-9-15,0.29,0.47,0.24
4-16-15,0.32,0.45,0.23
4-23-15,0.31,0.45,0.23
4-30-15,0.31,0.47,0.22
5-7-15,0.27,0.46,0.27
5-14-15,0.27,0.47,0.26
5-21-15,0.25,0.50,0.25
5-28-15,0.27,0.48,0.25
6-4-15,0.27,0.48,0.25
6-11-15,0.20,0.47,0.33
6-18-15,0.25,0.40,0.34
6-25-15,0.36,0.43,0.22
7-2-15,0.23,0.42,0.35
7-9-15,0.28,0.43,0.29
7-16-15,0.31,0.46,0.23
7-23-15,0.33,0.42,0.26
7-30-15,0.21,0.38,0.41
8-6-15,0.24,0.44,0.32
8-13-15,0.30,0.33,0.36
8-20-15,0.27,0.40,0.33
8-27-15,0.33,0.29,0.38
9-3-15,0.32,0.36,0.32
9-10-15,0.35,0.30,0.35
9-17-15,0.33,0.38,0.29
9-24-15,0.32,0.39,0.29
10-1-15,0.28,0.32,0.40
10-8-15,0.38,0.34,0.28
10-15-15,0.34,0.39,0.27
10-22-15,0.35,0.41,0.24
10-29-15,0.40,0.39,0.21
11-5-15,0.39,0.42,0.19
11-12-15,0.34,0.43,0.23
11-19-15,0.31,0.39,0.31
11-26-15,0.32,0.42,0.26
12-3-15,0.29,0.49,0.21
12-10-15,0.29,0.42,0.30
12-17-15,0.24,0.37,0.39
12-24-15,0.26,0.42,0.31
12-31-15,0.25,0.51,0.24
1-7-16,0.22,0.40,0.38
1-14-16,0.18,0.37,0.46
1-21-16,0.22,0.30,0.49
1-28-16,0.30,0.30,0.40
2-4-16,0.28,0.38,0.35
2-11-16,0.19,0.32,0.49
2-18-16,0.28,0.35,0.38
2-25-16,0.31,0.37,0.31
3-3-16,0.32,0.39,0.29
3-10-16,0.37,0.38,0.24
3-17-16,0.30,0.43,0.27
3-24-16,0.34,0.43,0.24
3-31-16,0.27,0.47,0.26
4-7-16,0.32,0.46,0.21
4-14-16,0.28,0.47,0.25
4-21-16,0.33,0.43,0.24
4-28-16,0.27,0.44,0.29
5-5-16,0.22,0.47,0.30
5-12-16,0.20,0.48,0.31
5-19-16,0.19,0.47,0.34
5-26-16,0.18,0.53,0.29
6-2-16,0.30,0.41,0.29
6-9-16,0.28,0.44,0.28
6-16-16,0.25,0.37,0.38
6-23-16,0.22,0.43,0.35
6-30-16,0.29,0.38,0.33
7-7-16,0.31,0.42,0.27
7-14-16,0.37,0.39,0.24
7-21-16,0.35,0.38,0.27
7-28-16,0.31,0.40,0.28
8-4-16,0.30,0.43,0.27
8-11-16,0.31,0.42,0.27
8-18-16,0.36,0.38,0.26
8-25-16,0.29,0.41,0.30
9-1-16,0.29,0.40,0.32
9-8-16,0.30,0.42,0.28
9-15-16,0.28,0.36,0.36
9-22-16,0.25,0.37,0.38
9-29-16,0.24,0.39,0.37
10-6-16,0.29,0.43,0.28
10-13-16,0.25,0.41,0.34
10-20-16,0.24,0.38,0.38
10-27-16,0.25,0.41,0.34
11-3-16,0.24,0.42,0.34
11-10-16,0.39,0.32,0.29
11-17-16,0.47,0.27,0.27
11-24-16,0.50,0.28,0.22
12-1-16,0.44,0.31,0.25
12-8-16,0.43,0.30,0.26
12-15-16,0.45,0.23,0.32
12-22-16,0.45,0.26,0.29
12-29-16,0.46,0.29,0.26
1-5-17,0.46,0.29,0.25
1-12-17,0.44,0.29,0.27
1-19-17,0.37,0.30,0.33
1-26-17,0.32,0.35,0.33
2-2-17,0.33,0.33,0.34
2-9-17,0.36,0.37,0.28
2-16-17,0.33,0.35,0.32
2-23-17,0.38,0.29,0.32
3-2-17,0.38,0.26,0.36
3-9-17,0.30,0.24,0.47
3-16-17,0.31,0.30,0.39
3-23-17,0.35,0.34,0.31
3-30-17,0.30,0.32,0.37
4-6-17,0.28,0.32,0.40
4-13-17,0.29,0.34,0.37
4-20-17,0.26,0.36,0.39
4-27-17,0.38,0.30,0.32
5-4-17,0.38,0.32,0.30
5-11-17,0.33,0.37,0.30
5-18-17,0.24,0.42,0.34
5-25-17,0.33,0.37,0.30
6-1-17,0.27,0.42,0.32
6-8-17,0.35,0.35,0.30
6-15-17,0.32,0.38,0.29
6-22-17,0.33,0.38,0.29
6-29-17,0.30,0.43,0.27
7-6-17,0.30,0.41,0.30
7-13-17,0.28,0.42,0.30
7-20-17,0.35,0.39,0.26
7-27-17,0.34,0.41,0.24
8-3-17,0.36,0.32,0.32
8-10-17,0.34,0.34,0.32
8-17-17,0.34,0.33,0.33
8-24-17,0.28,0.34,0.38
8-31-17,0.25,0.35,0.40
9-7-17,0.29,0.35,0.36
9-14-17,0.41,0.37,0.22
9-21-17,0.40,0.33,0.27
9-28-17,0.33,0.38,0.29
10-5-17,0.36,0.32,0.33
10-12-17,0.40,0.33,0.27
10-19-17,0.38,0.34,0.28
10-26-17,0.40,0.27,0.33
11-2-17,0.45,0.26,0.29
11-9-17,0.45,0.32,0.23
11-16-17,0.29,0.35,0.35
11-23-17,0.35,0.35,0.29
11-30-17,0.36,0.32,0.32
12-7-17,0.37,0.29,0.34
12-14-17,0.45,0.27,0.28
12-21-17,0.50,0.24,0.26
12-28-17,0.53,0.27,0.21
1-4-18,0.60,0.25,0.16
1-11-18,0.49,0.26,0.25
1-18-18,0.54,0.24,0.21
1-25-18,0.45,0.31,0.24
2-1-18,0.45,0.26,0.29
2-8-18,0.37,0.28,0.35
2-15-18,0.49,0.30,0.21
2-22-18,0.45,0.33,0.23
3-1-18,0.37,0.39,0.23
3-8-18,0.26,0.45,0.28
3-15-18,0.37,0.42,0.21
3-22-18,0.33,0.38,0.28
3-29-18,0.32,0.33,0.35
4-5-18,0.32,0.31,0.37
4-12-18,0.26,0.31,0.43
4-19-18,0.38,0.33,0.29
4-26-18,0.37,0.38,0.26
5-3-18,0.28,0.41,0.30
5-10-18,0.34,0.41,0.26
5-17-18,0.37,0.43,0.21
5-24-18,0.39,0.36,0.25
5-31-18,0.35,0.39,0.26
6-7-18,0.39,0.34,0.27
6-14-18,0.45,0.34,0.22
6-21-18,0.39,0.35,0.26
6-28-18,0.28,0.31,0.41
7-5-18,0.28,0.33,0.39
7-12-18,0.43,0.28,0.29
7-19-18,0.35,0.40,0.25
7-26-18,0.32,0.42,0.27
8-2-18,0.29,0.39,0.32
8-9-18,0.36,0.33,0.31
8-16-18,0.36,0.35,0.29
8-23-18,0.38,0.34,0.27
8-30-18,0.43,0.32,0.24
9-6-18,0.42,0.31,0.26
9-13-18,0.32,0.35,0.33
9-20-18,0.32,0.36,0.32
9-27-18,0.36,0.33,0.31
10-4-18,0.46,0.29,0.25
10-11-18,0.31,0.34,0.35
10-18-18,0.34,0.31,0.35
10-25-18,0.28,0.31,0.41
11-1-18,0.38,0.28,0.34
11-8-18,0.41,0.28,0.31
11-15-18,0.35,0.29,0.36
11-22-18,0.25,0.28,0.47
11-29-18,0.34,0.27,0.39
12-6-18,0.38,0.32,0.30
12-13-18,0.21,0.30,0.49
12-20-18,0.25,0.28,0.47
12-27-18,0.32,0.18,0.50
1-3-19,0.33,0.24,0.43
1-10-19,0.38,0.32,0.29
1-17-19,0.34,0.30,0.36
1-24-19,0.38,0.30,0.32
1-31-19,0.32,0.36,0.32
2-7-19,0.40,0.37,0.23
2-14-19,0.35,0.40,0.25
2-21-19,0.39,0.35,0.25
2-28-19,0.42,0.38,0.20
3-7-19,0.37,0.36,0.27
3-14-19,0.32,0.37,0.31
3-21-19,0.37,0.39,0.23
3-28-19,0.33,0.40,0.27
4-4-19,0.35,0.37,0.28
4-11-19,0.40,0.39,0.20
4-18-19,0.38,0.41,0.22
4-25-19,0.34,0.46,0.20
5-2-19,0.39,0.40,0.21
5-9-19,0.43,0.34,0.23
5-16-19,0.30,0.31,0.39
5-23-19,0.25,0.39,0.36
5-30-19,0.25,0.35,0.40
6-6-19,0.23,0.35,0.43
6-13-19,0.27,0.39,0.34
6-20-19,0.30,0.38,0.32
6-27-19,0.30,0.38,0.32
7-3-19,0.33,0.34,0.32
7-11-19,0.34,0.39,0.28
7-18-19,0.36,0.35,0.29
7-25-19,0.32,0.36,0.32
8-1-19,0.38,0.38,0.24
8-8-19,0.22,0.30,0.48
8-15-19,0.23,0.32,0.45
8-22-19,0.27,0.34,0.40
8-29-19,0.26,0.32,0.42
9-5-19,0.29,0.32,0.40
9-12-19,0.33,0.36,0.31
9-19-19,0.35,0.37,0.28
9-26-19,0.29,0.37,0.33
10-3-19,0.21,0.39,0.39
10-10-19,0.20,0.36,0.44
10-17-19,0.34,0.35,0.31
10-24-19,0.36,0.36,0.28
10-31-19,0.34,0.38,0.28
11-7-19,0.40,0.36,0.24
11-14-19,0.41,0.34,0.25
11-21-19,0.34,0.37,0.29
11-29-19,0.34,0.36,0.30
12-5-19,0.32,0.39,0.29
12-12-19,0.38,0.36,0.26
12-19-19,0.44,0.35,0.20
12-26-19,0.42,0.37,0.22
1-2-20,0.37,0.41,0.22
1-9-20,0.33,0.37,0.30
1-16-20,0.42,0.31,0.28
1-23-20,0.46,0.30,0.25
1-30-20,0.32,0.31,0.37
2-6-20,0.34,0.31,0.35
2-13-20,0.41,0.32,0.26
2-20-20,0.41,0.31,0.29
2-27-20,0.30,0.30,0.39
3-5-20,0.39,0.22,0.40
3-12-20,0.30,0.19,0.51
3-19-20,0.34,0.15,0.51
3-26-20,0.33,0.15,0.52
4-2-20,0.34,0.16,0.50
4-9-20,0.37,0.19,0.45
4-16-20,0.35,0.22,0.43
4-23-20,0.25,0.25,0.50
4-30-20,0.31,0.25,0.44
5-7-20,0.24,0.24,0.53
5-14-20,0.23,0.26,0.51
5-21-20,0.29,0.26,0.45
5-28-20,0.33,0.25,0.42
6-4-20,0.35,0.27,0.39
6-11-20,0.34,0.28,0.38
6-18-20,0.24,0.28,0.48
6-25-20,0.24,0.27,0.49
7-2-20,0.22,0.32,0.46
7-9-20,0.27,0.30,0.43
7-16-20,0.31,0.24,0.45
7-23-20,0.26,0.27,0.47
7-30-20,0.20,0.31,0.48
8-6-20,0.23,0.29,0.48
8-13-20,0.30,0.28,0.42
8-20-20,0.30,0.27,0.42
8-27-20,0.32,0.28,0.40
9-3-20,0.31,0.27,0.42
9-10-20,0.24,0.28,0.48
9-17-20,0.32,0.28,0.40
9-24-20,0.25,0.29,0.46
10-1-20,0.26,0.31,0.43
10-8-20,0.35,0.26,0.39
10-15-20,0.35,0.29,0.36
10-22-20,0.36,0.31,0.33
10-29-20,0.35,0.29,0.35
11-5-20,0.38,0.31,0.31
11-12-20,0.56,0.19,0.25
11-19-20,0.44,0.29,0.26
11-27-20,0.47,0.25,0.27
12-3-20,0.49,0.28,0.23
12-10-20,0.48,0.25,0.27
12-17-20,0.43,0.30,0.26
12-24-20,0.44,0.34,0.22
12-31-20,0.46,0.27,0.27
1-7-21,0.45,0.23,0.32
1-21-21,0.43,0.23,0.34
1-28-21,0.38,0.24,0.38
2-4-21,0.37,0.27,0.36
2-11-21,0.45,0.28,0.26
2-18-21,0.47,0.28,0.25
2-25-21,0.46,0.30,0.24
3-4-21,0.40,0.34,0.25
3-11-21,0.49,0.27,0.24
3-18-21,0.49,0.27,0.24
3-25-21,0.51,0.28,0.21
4-1-21,0.46,0.31,0.23
4-8-21,0.57,0.23,0.20
4-15-21,0.54,0.22,0.25
4-22-21,0.53,0.27,0.21
4-29-21,0.43,0.32,0.26
5-6-21,0.44,0.33,0.23
5-13-21,0.37,0.37,0.27
5-20-21,0.37,0.37,0.26
5-27-21,0.36,0.37,0.26
6-3-21,0.44,0.36,0.20
6-10-21,0.40,0.39,0.21
6-17-21,0.41,0.33,0.26
6-24-21,0.40,0.36,0.23
7-1-21,0.49,0.29,0.22
7-8-21,0.40,0.35,0.25
7-15-21,0.36,0.37,0.27
7-22-21,0.31,0.39,0.31
7-29-21,0.36,0.40,0.24
8-5-21,0.36,0.32,0.32
8-12-21,0.37,0.32,0.32
8-19-21,0.33,0.32,0.35
8-26-21,0.40,0.27,0.33
9-2-21,0.43,0.23,0.33
9-9-21,0.39,0.34,0.27
9-16-21,0.22,0.38,0.39
9-23-21,0.30,0.31,0.39
9-30-21,0.28,0.31,0.41
10-7-21,0.25,0.38,0.37
10-14-21,0.38,0.30,0.32
10-21-21,0.47,0.25,0.28
10-27-21,0.40,0.31,0.29
11-4-21,0.42,0.33,0.26
11-11-21,0.48,0.28,0.24
11-18-21,0.39,0.34,0.27
11-24-21,0.34,0.30,0.36
12-2-21,0.27,0.31,0.42
12-9-21,0.30,0.40,0.31
12-16-21,0.25,0.35,0.39
12-23-21,0.30,0.37,0.34
12-30-21,0.38,0.32,0.31
1-6-22,0.33,0.34,0.33
1-13-22,0.25,0.37,0.38
1-20-22,0.21,0.32,0.47
1-27-22,0.23,0.24,0.53
2-3-22,0.26,0.30,0.44
2-10-22,0.24,0.40,0.35
2-17-22,0.19,0.38,0.43
2-24-22,0.23,0.23,0.54
3-3-22,0.30,0.28,0.41
3-10-22,0.24,0.30,0.46
3-17-22,0.22,0.28,0.50
3-24-22,0.33,0.32,0.35
3-31-22,0.32,0.41,0.28
4-7-22,0.25,0.34,0.41
4-14-22,0.16,0.36,0.48
4-21-22,0.19,0.37,0.44
4-28-22,0.16,0.24,0.59
5-5-22,0.27,0.20,0.53
5-12-22,0.24,0.27,0.49
5-19-22,0.26,0.24,0.50
5-26-22,0.20,0.27,0.53
6-2-22,0.32,0.31,0.37
6-9-22,0.21,0.32,0.47
6-16-22,0.19,0.22,0.58
6-23-22,0.18,0.22,0.59
6-30-22,0.23,0.31,0.47
7-7-22,0.19,0.28,0.53
7-14-22,0.27,0.27,0.47
7-21-22,0.30,0.28,0.42
7-28-22,0.28,0.32,0.40
8-4-22,0.31,0.31,0.39
8-11-22,0.32,0.31,0.37
8-18-22,0.33,0.30,0.37
8-25-22,0.28,0.30,0.42
9-1-22,0.22,0.28,0.50
9-8-22,0.18,0.29,0.53
9-15-22,0.26,0.28,0.46
9-22-22,0.18,0.21,0.61
9-29-22,0.20,0.19,0.61
10-6-22,0.24,0.21,0.55
10-13-22,0.20,0.24,0.56
10-20-22,0.23,0.21,0.56
10-27-22,0.27,0.28,0.46
11-3-22,0.31,0.37,0.33
11-10-22,0.25,0.28,0.47
11-17-22,0.33,0.26,0.40
11-24-22,0.29,0.31,0.40
12-1-22,0.24,0.35,0.40
12-8-22,0.25,0.33,0.42
12-15-22,0.24,0.31,0.45
12-22-22,0.20,0.27,0.52
12-29-22,0.26,0.26,0.48
1-5-23,0.21,0.38,0.42
1-12-23,0.24,0.36,0.40
1-19-23,0.31,0.36,0.33
1-26-23,0.28,0.35,0.37
2-2-23,0.30,0.36,0.35
2-9-23,0.38,0.38,0.25
2-16-23,0.34,0.37,0.29
2-23-23,0.22,0.40,0.39
3-2-23,0.23,0.32,0.45
3-9-23,0.25,0.33,0.42
3-16-23,0.19,0.32,0.48
3-23-23,0.21,0.30,0.49
3-30-23,0.23,0.32,0.46
4-6-23,0.33,0.32,0.35
4-13-23,0.26,0.39,0.34
4-20-23,0.27,0.38,0.35
4-27-23,0.24,0.37,0.39
5-4-23,0.24,0.31,0.45
5-11-23,0.29,0.29,0.41
5-18-23,0.23,0.37,0.40
5-25-23,0.27,0.33,0.40
6-1-23,0.29,0.34,0.37
6-8-23,0.45,0.31,0.24
6-15-23,0.45,0.32,0.23
6-22-23,0.43,0.29,0.28
6-29-23,0.42,0.31,0.27
7-6-23,0.46,0.29,0.24
7-13-23,0.41,0.33,0.26
7-20-23,0.51,0.27,0.21
7-27-23,0.45,0.31,0.24
8-3-23,0.49,0.30,0.21
8-10-23,0.45,0.30,0.26
8-17-23,0.36,0.34,0.30
8-24-23,0.32,0.32,0.36
8-31-23,0.33,0.32,0.35
9-7-23,0.42,0.28,0.30
9-14-23,0.34,0.36,0.29
9-21-23,0.31,0.34,0.35
9-28-23,0.28,0.31,0.41
10-5-23,0.30,0.28,0.42
10-12-23,0.40,0.24,0.36
10-19-23,0.34,0.31,0.35
10-26-23,0.29,0.28,0.43
11-2-23,0.24,0.25,0.50
11-9-23,0.43,0.30,0.27
11-16-23,0.44,0.28,0.28
11-23-23,0.45,0.31,0.24
11-30-23,0.49,0.32,0.20
12-7-23,0.47,0.25,0.27
12-14-23,0.51,0.29,0.19
12-21-23,0.53,0.26,0.21
12-28-23,0.46,0.29,0.25
1-4-24,0.49,0.28,0.23
1-11-24,0.49,0.27,0.24
1-18-24,0.40,0.33,0.27
1-25-24,0.39,0.35,0.26
2-1-24,0.49,0.26,0.25
2-8-24,0.49,0.28,0.23
2-15-24,0.42,0.31,0.27
2-22-24,0.44,0.30,0.26
2-29-24,0.46,0.32,0.21
3-7-24,0.52,0.26,0.22
3-14-24,0.46,0.32,0.22
3-21-24,0.43,0.30,0.27
3-28-24,0.50,0.28,0.22
4-4-24,0.47,0.30,0.22
4-11-24,0.43,0.33,0.24
4-18-24,0.38,0.28,0.34
4-25-24,0.32,0.34,0.34
5-2-24,0.38,0.29,0.32
5-9-24,0.41,0.35,0.24
5-16-24,0.41,0.36,0.23
5-23-24,0.47,0.27,0.26
5-30-24,0.39,0.34,0.27
6-6-24,0.39,0.29,0.32
6-13-24,0.45,0.30,0.26
6-20-24,0.44,0.33,0.23
6-27-24,0.44,0.27,0.28
,,,
,,,
,,,
,,,
,,,
Observations over life of survey,,,
,,,
Avg,0.38,0.31,0.31
STD,0.10,0.08,0.10
Avg + Std,0.48,0.40,0.41
Avg - Std,0.28,0.23,0.21
Count,"1,925.00","1,925.00","1,925.00"
Max,0.75,0.62,0.70
Min,0.12,0.08,0.06
,,,
Max '87,0.66,0.52,0.42
Max '88,0.45,0.62,0.39
Max '89,0.53,0.52,0.48
Max '90,0.52,0.56,0.67
Max '91,0.58,0.51,0.51
Max '92,0.63,0.47,0.56
Max '93,0.60,0.49,0.45
Max '94,0.49,0.52,0.48
Max '95,0.53,0.43,0.38
Max '96,0.61,0.46,0.39
Max '97,0.63,0.46,0.37
Max '98,0.53,0.49,0.45
Max '99,0.62,0.46,0.32
Max '00,0.75,0.48,0.51
Max '01,0.69,0.48,0.47
Max '02,0.56,0.41,0.55
Max '03,0.71,0.51,0.58
Max '04,0.70,0.40,0.43
Max '05,0.59,0.42,0.51
Max '06,0.59,0.36,0.58
Max '07,0.58,0.32,0.56
Max '08,0.53,0.27,0.61
Max '09,0.51,0.31,0.70
Max '10,0.63,0.38,0.57
Max '11,0.56,0.38,0.50
Max '12,0.52,0.36,0.49
Max '13,0.55,0.39,0.54
Max '14,0.58,0.44,0.38
Max '15,0.52,0.51,0.41
Max '16,0.50,0.53,0.49
Max '17,0.53,0.43,0.47
Max '18,0.60,0.45,0.50
Max '19,0.44,0.46,0.48
Max '20,0.56,0.41,0.53
Max '21,0.57,0.40,0.42
Max '22,0.33,0.41,0.61
,,,
Min '87,0.23,0.15,0.06
Min '88,0.13,0.34,0.10
Min '89,0.13,0.21,0.17
Min '90,0.12,0.16,0.17
Min '91,0.22,0.12,0.16
Min '92,0.14,0.20,0.10
Min '93,0.18,0.27,0.13
Min '94,0.22,0.22,0.17
Min '95,0.34,0.18,0.16
Min '96,0.26,0.18,0.10
Min '97,0.26,0.22,0.14
Min '98,0.23,0.30,0.13
Min '99,0.30,0.23,0.11
Min '00,0.27,0.08,0.07
Min '01,0.25,0.11,0.14
Min '02,0.25,0.16,0.11
Min '03,0.21,0.08,0.09
Min '04,0.31,0.13,0.10
Min '05,0.16,0.13,0.14
Min '06,0.24,0.12,0.19
Min '07,0.26,0.12,0.22
Min '08,0.20,0.08,0.25
Min '09,0.19,0.11,0.23
Min '10,0.21,0.14,0.16
Min '11,0.24,0.19,0.18
Min '12,0.22,0.22,0.17
Min '13,0.19,0.23,0.18
Min '14,0.27,0.23,0.15
Min '15,0.20,0.29,0.18
Min '16,0.18,0.23,0.21
Min '17,0.24,0.24,0.21
Min '18,0.21,0.18,0.16
Min '19,0.20,0.24,0.20
Min '20,0.20,0.15,0.22
Min '21,0.22,0.22,0.20
Min '22,0.16,0.19,0.28
Min '23,0.19,0.24,0.19
,,,
Avg. '87,0.41,0.34,0.26
Avg. '88,0.27,0.48,0.25
Avg. '89,0.33,0.37,0.30
Avg. '90,0.27,0.32,0.40
Avg. '91,0.38,0.33,0.29
Avg. '92,0.37,0.35,0.28
Avg. '93,0.33,0.36,0.31
Avg '94,0.35,0.35,0.31
Avg '95,0.39,0.33,0.29
Avg '96,0.40,0.34,0.26
Avg '97,0.42,0.36,0.22
Avg '98,0.37,0.38,0.25
Avg '99,0.42,0.35,0.23
Avg '00,0.49,0.26,0.24
Avg '01,0.43,0.29,0.28
Avg '02,0.39,0.26,0.28
Avg '03,0.48,0.24,0.27
Avg '04,0.49,0.26,0.25
Avg '05,0.40,0.29,0.30
Avg '06,0.41,0.22,0.37
Avg '07,0.41,0.21,0.38
Avg '08,0.34,0.21,0.45
Avg '09,0.37,0.21,0.42
Avg '10,0.41,0.27,0.33
Avg '11,0.37,0.28,0.34
Avg '12,0.37,0.30,0.33
Avg '13,0.40,0.31,0.30
Avg '14,0.39,0.35,0.26
Avg '15,0.33,0.40,0.28
Avg '16,0.30,0.39,0.31
Avg '17,0.35,0.34,0.31
Avg '18,0.36,0.33,0.31
Avg '19,0.33,0.36,0.31
Avg '20,0.34,0.27,0.39
Avg '21,0.40,0.31,0.29
Avg '22,0.25,0.29,0.46
Avg '23,0.35,0.32,0.33
,,,
Std Dev '87,0.12,0.11,0.09
Std Dev '88,0.08,0.06,0.07
Std Dev '89,0.08,0.08,0.07
Std Dev '90,0.09,0.08,0.12
Std Dev '91,0.09,0.07,0.08
Std Dev '92,0.11,0.07,0.09
Std Dev '93,0.09,0.05,0.07
Std Dev '94,0.07,0.06,0.06
Std Dev '95,0.05,0.06,0.06
Std Dev '96,0.09,0.07,0.06
Std Dev '97,0.08,0.06,0.05
Std Dev '98,0.08,0.05,0.07
Std Dev '99,0.09,0.06,0.05
Std Dev '00,0.12,0.09,0.10
Std Dev '01,0.12,0.09,0.08
Std Dev '02,0.09,0.07,0.11
Std Dev '03,0.13,0.07,0.11
Std Dev '04,0.10,0.06,0.08
Std Dev '05,0.10,0.06,0.09
Std Dev '06,0.08,0.05,0.08
Std Dev '07,0.07,0.04,0.08
Std Dev '08,0.08,0.04,0.09
Std Dev '09,0.08,0.04,0.08
Std Dev '10,0.09,0.05,0.08
Std Dev '11,0.07,0.04,0.07
Std Dev '12,0.07,0.04,0.08
Std Dev '13,0.07,0.04,0.07
Std Dev '14,0.07,0.05,0.05
Std Dev '15,0.07,0.06,0.06
Std Dev '16,0.08,0.06,0.06
Std Dev '17,0.06,0.05,0.05
Std Dev '18,0.08,0.05,0.08
Std Dev '19,0.06,0.03,0.07
Std Dev '20,0.08,0.05,0.09
Std Dev '21,0.08,0.05,0.06
Std Dev '22,0.05,0.05,0.08
Std Dev '23,0.10,0.04,0.08
,,,
Count '87,24.00,24.00,24.00
Count '88,52.00,52.00,52.00
Count '89,52.00,52.00,52.00
Count '90,52.00,52.00,52.00
Count '91,52.00,52.00,52.00
Count '92,52.00,52.00,52.00
Count '93,53.00,53.00,53.00
Count '94,52.00,52.00,52.00
Count '95,52.00,52.00,52.00
Count '96,51.00,51.00,51.00
Count '97,53.00,53.00,53.00
Count '98,52.00,52.00,52.00
Count '99,52.00,52.00,52.00
Count '00,51.00,51.00,51.00
Count '01,52.00,52.00,52.00
Count '02,52.00,52.00,52.00
Count '03,52.00,52.00,52.00
Count '04,53.00,53.00,53.00
Count '05,52.00,52.00,52.00
Count '06,52.00,52.00,52.00
Count '07,52.00,52.00,52.00
Count '08,52.00,52.00,52.00
Count '09,53.00,53.00,53.00
Count '10,52.00,52.00,52.00
Count '11,52.00,52.00,52.00
Count '12,52.00,52.00,52.00
Count '13,52.00,52.00,52.00
Count '14,52.00,52.00,52.00
Count '15,53.00,53.00,53.00
Count '16,52.00,52.00,52.00
Count '17,52.00,52.00,52.00
Count '18,52.00,52.00,52.00
Count '19,52.00,52.00,52.00
Count '20,53.00,53.00,53.00
Count '21,51.00,51.00,51.00
Count '22,52.00,52.00,52.00
Count '23,52.00,52.00,52.00